Word,Count
group,22
novices,2
acolytes,3
Citadel,19
Mollander,3
Alleras,17
Roone,2
Armen,4
discuss,1
rumors,3
dragons,26
outside,16
Quill,4
Tankard,3
Oldtown,21
Pate,21
thinking,9
Rosey,5
woman,25
loves,3
Her,18
mother,16
Emma,1
oldest,6
serving,10
wench,1
decreed,1
Rosey's,1
maidenhead,4
cost,2
golden,6
dragon,12
hope,4
saving,2
His,10
training,4
successful,1
Now,4
helps,6
tend,4
ravens,4
Archmaester,9
Walgrave,3
man's,1
wits,5
completely,3
gone,17
Gormon,1
sits,8
iron,4
mask,2
place,15
power,6
granting,1
black,20
link,4
ravenry,1
Ebrose,2
refused,11
silver,4
healing,1
knows,31
enough,14
life,18
traveling,4
Westeros,9
heal,1
smallfolk,7
waiting,10
calls,12
"""the",2
"alchemist""",1
introduced,1
mysterious,1
days,30
ago,16
promised,13
gold,17
coin,10
needs,16
win,7
exchange,7
stealing,2
something,6
told,27
thief,2
said,10
return,29
case,2
changed,3
mind,3
decided,3
friends,10
showed,7
celebrate,3
receiving,2
copper,2
joined,5
draw,4
suspicion,2
knight,15
died,42
Blackwater,6
convinced,7
stories,6
real,4
heard,8
four,16
different,9
sailors,3
ships,14
details,2
mention,4
beautiful,6
young,13
queen,23
shoots,1
apples,1
thrown,2
talk,14
year,13
yet,8
already,31
forged,1
links,2
chain,5
hand,19
arrived,8
five,5
thirteen,4
Twice,1
felt,4
ready,3
earn,1
Vaellyn,2
impressed,1
knowledge,5
heavens,1
ends,9
target,1
practice,7
heads,6
riddle,3
fits,2
Alleras's,1
nickname,1
"Sphinx""",1
Lazy,1
Leo,8
given,17
name,29
sphinx,3
made,28
parts,4
several,28
animals,2
Dornish,6
father,26
Summer,5
Isles1,1
scoffs,2
three-headed,1
heraldric,1
charge,6
Targaryens,3
dead,38
reminds,12
Daenerys,9
lives,4
Tyrell,12
joins,9
much,12
dismay,1
cruel,2
none,7
mocks,7
pig,1
boy,26
namesake,2
character,1
named,31
Spotted,1
good-hearted,1
empty-headed,1
always,28
manages,3
best,13
knights,24
lords,16
septons,6
turns,16
hostile,2
deflects,1
stating,3
indeed,2
refer,1
hatched,1
Every,5
sailor,2
near,13
Qarth,1
talking,7
Marwyn,12
believes,13
proof,3
Archmaesters,2
Perestan,1
Ryam,1
believe,8
unsound,1
consort,2
whores,5
hedge,8
wizards,2
speak,16
Ibbanese,2
Islanders,1
tongues,1
sacrifice,2
strange,4
gods,5
sailors',1
temples,1
docks,10
spent,8
eight,4
exploring,3
east,3
looking,21
lost,18
books,11
warlocks,2
shadowbinders,1
dubbed,1
"""Marwyn",1
"Mage""",1
upon,10
counters,5
glass,5
candle,8
burning,4
maester's,3
chambers,13
candles,4
green,2
came,25
thousand,19
Doom,2
Vlayria,1
serve,18
final,10
test,3
acolyte,5
raised,7
maester,31
spend,3
darkness,3
unless,2
light,9
dragonglass,2
lit,3
meant,11
teach,5
humility,1
limits,1
casting,2
brighter,2
wax,1
never,33
flickers,1
others,25
doubts,2
save,25
It,16
getting,9
late,10
everyone,10
departs,5
hopes,10
alchemist,5
appear,3
cruelly,1
ignores,1
japes,1
attacking,1
mean,6
death,27
trained,1
arms,7
Moryn,1
commander,4
City,1
Watch,21
dawn,6
breaks,4
leaves,27
walks,7
hails,2
earlier,2
approach,7
stolen,1
key,2
opens,4
every,27
door,9
leads,16
alley,2
hands,8
suddenly,10
finds,9
ground,3
understand,6
going,27
dies,9
Aeron,35
Great,9
Wyk,7
drowning,2
initiates,1
priesthood,1
Drowned,3
God,11
drowned,10
without,18
incident,3
fourth,2
Emmond,2
thrashes,1
help,16
finish,3
job,6
finishes,5
sees,23
shore,5
Sparr,1
Steffarion,1
Gormond,2
Goodbrother,3
ceremony,6
including,35
Norjen,1
Rus,2
using,5
CPR,1
bring,16
accepting,1
priest,2
god,6
occasionally,3
loses,3
even,30
Tarle,4
Thrice-Drowned,2
revered,2
chosen,11
crown,15
king1,1
arrivals,2
Balon,20
bridge,2
crossing,2
Pyke,8
destroyed,4
storm,2
declares,4
Storm,3
cast,8
making,11
ironmen,17
great,15
Gormond's,1
mount,1
meet,8
Pebbleton,4
rides,14
brothers,18
Their,4
Quellon,8
Greyjoy,6
nine,6
sons,18
wife,23
Stonetree,4
birthed,3
Harlon,2
Quenton,3
Donel,2
second,5
Sunderly,1
Euron,48
Victarion,44
Urrigon,4
third,12
Iron,30
Islands,6
sickly,3
halfwit,1
Robin,6
infants,1
taken,33
greyscale,1
fever,4
lived,6
adulthood,1
fearless,1
child,17
By,8
good,7
oar,1
finger,5
dance,5
isles,1
At,21
fifteen,2
Dagmer,1
Cleftjaw,1
took,16
reaving,3
Stepstones,5
salt,4
wives,4
seventeen,1
captained,2
ship,34
arrives,26
Hammerhorn,1
Gran,2
escorts,5
hall,22
Gorold,6
awaits,3
Murenmure,3
send,19
away,27
sends,9
daughters,8
Gysella,1
Gwin,1
room,28
stay,21
abide,1
maesters,4
begins,20
informs,13
Seastone,5
Chair,5
captains,13
fealty,5
shocked,4
returned,14
exiled,2
immediately,3
states,9
godly,1
may,32
sit,9
worships,2
pride,2
spoke,1
succession,1
remembers,9
Stoney,1
Shore,5
Theon's,1
fate,2
stated,1
hoped,2
Theon,4
stand,10
Asha's,2
Before,2
ruler,4
Asha,46
cares,3
land,5
law,2
chair,2
either,12
answer,4
prayed,4
continues,13
Greydon,2
guiding,1
ride,12
dozes,2
saddle,2
scream,2
rusted,1
hinge,1
While,6
elder,2
war,26
fourteen,4
half,22
fingers,3
Quellon's,1
Piper,3
allowed,9
attempt,10
sewing,1
wound,3
mortified,2
voyage,5
chopped,1
father's,4
sew,1
wounds,6
long,26
delivering,2
stillborn,2
daughter,23
Afterwards,14
became,8
wild,2
drunk,12
Golden,7
Fair,3
Isle,9
Fury,1
Greyjoy's,4
Rebellion,6
washed,2
captive,2
rest,14
chains,2
beneath,6
Casterly,5
Rock,9
servant,5
morning,23
news,7
Balon's,1
cousins,8
Downdelving,1
Crow,1
Spike,1
Keep,8
Corpse,1
Lake,1
alone,14
stopping,2
preach,1
gathering,4
dozen,17
followers,4
prepared,3
shelter,1
retires,3
restless,2
wades,1
water,9
finally,24
figures,5
done,14
Meldred,2
Merlyn,2
received,5
bird,4
Ten,6
Towers,7
seat,14
House,21
Harlaw,12
preaches,1
assembled,12
neither,5
rather,4
ruins,7
Grey,8
King's,25
hill,4
Nagga,1
Old,17
kingsmoot,12
Urras,1
Ironfoot,1
Sylas,1
Flatnose,1
Harrag,2
Hoare,2
Kraken,1
many,33
kings,11
deny,2
Areo,22
Hotah,2
wheels,1
Prince,13
Doran,44
Martell,6
onto,5
terrace,1
Water,7
Gardens,7
watches,12
children,18
splash,1
fountains,1
After,29
hours,4
Obara,6
Sand,9
Caleotte,6
trailing,1
trying,11
stop,13
blocks,1
entrance,4
saying,18
wish,2
disturbed,3
Oberyn,11
thousands,2
Boneway,3
Ellaria,2
body,9
home,11
All,5
Dorne,11
asking,7
reiterates,1
prince,5
let,17
forward,14
armies,1
field,1
One,21
commanded,5
Anders,5
Prince's,2
Pass1,1
give,26
Nymeria,6
sack,6
stalks,5
angrily,11
prudent,1
allow,5
Sunspear,12
seen,15
settle,3
people,30
enemies,5
learn,13
extent,2
gout,2
This,11
Doran's,3
visit,6
departing,1
ago;,2
nearly,3
bad,7
walk,9
slowly,2
cane,1
especially,2
concerned,6
need,11
grant,1
Myrcella,35
Arys,30
audience,6
reports,15
sadly;,1
feels,13
fight,13
approaching,1
soon,29
kill,21
sisters,6
Norvos,2
guard,12
captain,12
responds,12
youngest,1
Because,1
another,22
unwanted,1
mouth,4
feed,2
outgrew,1
clothes,5
quickly,6
sold,4
bearded,1
priests,2
laments,8
last,33
Mors,2
Olyvar,2
cradle,1
squire,9
Salt,1
Elia,2
born,3
month,1
premature,1
survived,4
later,22
know,19
respond,2
simple,3
swore,2
vows,8
"""serve",1
protect,6
"obey""",1
wed,8
axe,4
sixteen,5
pools,2
evening,9
falls,6
asleep,6
returns,17
bed,27
sharpens,1
sleep,19
dawdles,1
underway,2
midmorning,1
twenty,7
guards,14
accompany,4
Halfway,1
catches,3
party,10
Tyene,6
Landing,18
assassinate,1
Jaime,205
Cersei,298
Tywin,49
Tommen,64
revenge,2
Aegon,14
Rhaenys,3
wait,9
impatient,1
supposed,7
assess,1
strengths,1
weaknesses,1
throne,20
allies,1
gallops,1
towards,7
reach,9
Palace,3
throng,1
surrounds,1
litter,4
calling,5
vengeance,6
greeted,1
Arianne,51
court,10
seneschal,4
Ricasso,2
castellan,9
Manfrey,2
Myles,1
septa,5
Eglantine,2
welcomes,2
private,6
word,8
bears,1
lawful,1
Queen,6
older,3
inherit,2
bleed,1
Lannisters,5
march,3
south,3
depose,2
insults,5
blessing,1
gives,33
touching,1
head,31
leaving,8
examines,3
sure,26
poisoned,1
fetch,5
small,23
cup,3
milk,7
poppy,2
loyal,3
affirmative,2
orders,36
seize,2
seven,17
Oberyn's,1
currently,4
Dorne2,2
Sarella,3
beyond,5
reach3,1
Cersei's,10
maid,4
Senelle,8
wakes,11
nightmare,1
Tyrion,31
laughing,3
Throne,6
tears,3
apart,3
Osmund,25
Boros,15
tell,22
Jocelyn,10
Swyft,4
dress,5
freshen,1
little,14
explains,41
discovered,5
passage,11
Tywin's,9
Loras,35
guarding,4
cell,9
accompanies,2
troubled,3
pleased,18
holds,5
disregarded,1
climbs,3
Tower,10
Hand,21
ponders,4
tearing,1
cursed,1
structure,1
Red,25
Lester,1
offers,15
condolences,5
reaches,2
top,7
full,13
irate,1
Regent,1
Meryn,15
bedchamber,2
brought,17
Kevan,39
pray,4
beside,5
furious,6
quarrel,5
embedded,1
groin,1
bathed,1
dressed,4
wonders,24
weep,2
wept,1
Tytos,9
burst,1
heart,5
climbing,1
steps,9
mistress,3
Grand,12
Pycelle,33
left,36
summon,3
silent,6
realizes,24
summoned,5
Ballabar,2
Frenken,1
Puckens,2
Shortear,2
run,3
obey,2
Qyburn,48
treated,2
remove,12
prepare,9
Shae,2
use,9
whore,4
paraded,1
naked,4
streets,9
confess,10
harlot,1
suggests,17
perhaps,1
questioning,1
Sansa,79
eagerly,1
accepts,5
explanation,1
emerges,3
Osney,16
Osfryd,7
dispose,1
blocked,1
locked,3
gates,13
keys,1
knock,3
walls,11
hammers,1
find,28
killers,1
refuses,22
Osfrey,1
guardsmen,2
Hoke,1
Horseleg,1
overhear,1
rebuff,1
ability,1
rule,11
slaps,3
sick,4
meddling,1
Hands,2
decides,27
successor,1
biddable,1
plans,8
ask,12
Varys,6
part,12
report,4
gaolers,1
Rugen,3
missing,5
frightened,3
prophecy,6
childhood,1
relating,1
doom,2
closes,1
eyes,12
grinning,1
Brienne,116
residents,2
Rosby,5
blue,1
auburn,2
hair,6
sign,8
prepares,5
notices,4
skinny,2
atop,1
piebald,2
mare,1
vanishes,1
Sansa1,1
town,11
Duskendale,11
likely,2
trail,4
road,8
travelers,3
Around,2
dusk,2
grilling,1
trout,1
campfire,1
invite,2
share,4
fish,1
helm,4
reveals,11
food,10
introduce,1
Creighton,5
Longbough,1
Illifer,6
Penniless,1
escort,12
insists,8
liar,1
points,18
shield,6
sports,2
bat,2
Lothston,3
line,9
ended,7
generations,1
Lucas,6
known,10
dark,10
deeds,1
Manfryd,2
Black,15
Hood,1
freakish,1
size,1
recognizes,6
Tarth,4
accuses,4
killing,10
Renly,7
denies,6
fell,3
love,9
progress,5
age,10
attend,10
welcome,3
feast,15
honor,5
mocked,2
rose2,1
Selwyn,1
courtesy,1
danced,1
her;,2
wanted,19
nothing,16
swears,5
innocence,1
Seven,13
satisfies,1
watch,8
considers,6
defenseless,1
relieved,1
travel,8
together,8
midday,1
encounter,1
large,9
women,15
accompanied,2
septon,9
begging,1
cart,3
bones,5
servants,3
king's,4
protection,3
Several,3
armed,5
axes,2
clubs,1
cudgels,1
big,4
seven-pointed,1
star,4
carved,1
breast,1
spare,3
lean,1
sharp,1
face,16
short,4
beard,3
grizzled,1
grey,5
brown,1
thin,2
knotted,1
behind,10
gnarled,1
feet,6
beseeches,2
join,11
them3,1
price,3
sparrows,23
call,7
humblest,2
sparrow,1
birds,2
say,9
true,10
gather,4
defend,10
Holy,3
Faith,26
With,4
payment,4
offing,1
About,1
across,17
merchant,3
Hibald,1
success,6
offer,10
drops,2
introduces,6
Shadrich,5
Shady,1
Glen,1
Mad,2
Mouse,1
recognized,2
Brienne's,3
description,1
fought,10
Stannis,15
ransoming,1
means,30
collect,1
bounty,2
placed,5
stops,4
inn,13
called,17
Stone,5
Bridge,1
pay,9
plenty,1
along,17
letter,14
signed,4
subjects,1
assist,1
innkeeper,2
Naggle,1
rooms,5
early,2
drawing,1
Oathkeeper,4
prayer,6
Crone,2
lying,6
patrons,1
retired,1
sneaks,2
journey,6
Sam,98
library,2
reading,3
various,4
folios,1
read,5
''Annals,1
Centaur'',1
Septon,36
Jorquen,1
detailing,1
term,1
Orbert,1
Caswell,1
Commander,6
Night's,12
gathers,2
stack,1
scrolls,1
tunnels,1
Castle,8
Wall,9
abuzz,1
activity,2
work,13
build,4
stairway,1
replace,5
wildlings,2
attacked1,1
visited,2
hundred,22
Alysanne,2
King,19
Jaehaerys,5
I,9
Silverwing,1
egg,3
Even,3
clue,1
quicken,1
failed,3
Dolorous,2
Edd,2
Jon,52
Pyp,2
Grenn,2
around,15
corner,2
tease,2
dinner,10
showing,2
archery,2
Ulmer,1
instituted,1
daily,1
drills,1
entire,4
garrison;,1
pays,3
attention,5
sword,14
bow,1
attitude,1
developed,1
brother,21
ten,16
Val,2
often,12
tower,13
held,9
unhappy,3
anymore,3
What,1
free,3
practicing,3
sword;,1
explained,2
become,17
worthy,1
Longclaw,1
Commander's,1
gutted,1
residing,1
residence,2
Donal,1
Noye's,1
old,18
quarters,8
armory,2
approaches,7
Gilly,34
rushes,1
Jon's,9
wan,1
dropping,1
tries,29
runs,7
perplexed2,1
inspects,1
dropped,1
Colloquo,2
Votar's,1
Jade,3
Compendium,2
Thomax's,1
Dragonkin,1
Being,1
History,2
Targaryen,8
Exile,1
Apotheosis,1
Consideration,1
Life,1
Death,1
Dragons,2
former,4
undamaged,2
latter,2
muddy,1
pages,3
curses,1
clumsiness,1
reflects,2
raises,2
certain,4
urges,1
Hairy,1
Hal,1
Mully,1
Ghost,3
pass,9
enters,10
solar,5
Mormont's,1
raven,1
flies,5
demanding,7
corn,1
proffers,1
crow,2
pecks,1
hard,3
blood,12
shows,5
written,8
Aemon,35
addressed,1
taking,11
sides,2
realms,1
aid,2
worries,7
destroy,2
rouse,1
North,9
sent,28
northern,2
houses,5
support,6
far,15
Karstarks,1
declared,3
signs,5
plead,1
Mance's,3
life;,1
rumor,1
flames,2
Melisandre,5
claims,10
wake,1
notion,2
foolish,1
Mance,2
really,5
king,22
sending,5
things,7
learned,10
found,22
records,2
Commanders,1
younger,5
Osric,1
Stark,15
served,14
sixty,1
bastards,2
Kings,3
researching,1
Others,5
information,5
histories,1
Andals,3
continent,1
First,3
Men,8
runes,1
rocks,1
info,1
Age,3
Heroes,2
Dawn,1
Long,2
Night,2
accounts,2
These,2
tales,1
Brandon,1
Builder,1
Symeon,1
Star-Eyes,1
ruling,2
hundreds,5
riding,7
existed,2
doubtful,1
historical,2
perspective,1
For,5
example,2
traditionally,1
nine-hundred,1
ninety-eight,1
commanders,1
order,10
indicate,1
fewer,2
In,12
regards,1
forest,3
obsidian,2
daggers,1
cold,5
hide,3
sun,5
emerging,1
Some,6
giant,3
ice,1
spiders,1
armor,5
ordinary,1
blades,2
swords,4
shatter,1
steel,5
fire,9
vulnerable,1
Finally,8
account,4
speaks,12
hero,1
slaying,2
Other,2
blade,2
dragonsteel,1
Valyrian,4
thought,11
spells,2
grave,10
danger,2
Dareon,18
Eastwatch,3
begin,8
wandering,5
Blackbird,3
Braavos,9
arrange,4
terrified,1
Randyll,21
chained,1
dungeon,3
nights,7
dissuade,2
Tarly,2
explain,3
care,10
longer,9
craven,1
delivers,1
instructed,3
repeats,2
fears,9
merely,3
father3,1
similar,1
objections,2
grandfather,3
Daeron,5
II,10
bundled,1
knew,8
heirs,2
dangerous,4
right,19
hour,7
rangers,1
Jack,1
Kedge,1
Whiteye,1
Left,1
Lew,6
lichyard,2
escorted,4
Clydas,1
followed,5
baby,14
book,5
Volantene,1
adventurer,1
Votar,1
travels,2
lands,8
Sea,9
marked,2
particularly,4
interesting,1
red,4
crying,5
wet,2
nurse,3
Dalla's,1
past,7
old2,1
saw,9
got,4
rabbit,1
hutch,1
feared,2
direwolf,1
courage,1
replies,21
Arya,60
deck,8
Titan's,3
Daughter,6
captain's,2
Denyo,1
Titan,3
view,2
avoiding,1
members,10
crew,9
gifts,5
fork,5
fingerless,2
gloves,2
floppy,2
woolen,1
hat,2
repeat,3
names,12
memorized,1
Salty,2
board,3
Saltpans,14
passes,6
underneath,1
lagoon,1
Captain,2
Ternesio,1
Terys,1
Yorko,2
row,2
ashore,3
Gods,4
lets,3
temple,19
Many-Faced,6
doors,3
barred,3
flashes,1
"""Valar",1
"morghulis""",1
open,5
interior,1
altars,1
center,1
pool,1
stone,2
fills,2
stabbed,3
dying,6
girl,15
touches,1
her1,1
spins,1
Common,5
Tongue,5
tall,3
hooded,3
does2,1
Jaqen,3
lie,5
presses,2
aliases,1
reveal,2
nowhere,3
pulls,5
hood,3
yellowed,1
skull,3
worm,4
socket,1
kiss,8
afraid,8
plucking,1
eat,4
vanish,1
replaced,5
kindly,18
hungry,1
respects,3
Sept,8
rain,3
falling,2
disappointing,1
throw,3
pennies,1
Kingsguard,19
fifty,6
Lannister,9
house,12
Few,1
due,5
general,2
lack,3
High,31
meets,5
hand-picked,1
enemy,5
enter,13
Hall,2
Lamps,2
flanked,4
rests,1
marble,1
bier,2
dome,1
sept,9
standing,1
vigil,3
decked,1
lips,3
curved,1
slight,1
smile,1
irks,1
smiled,1
less,2
fearsome,3
closed,1
recalls,2
Aerys,17
Owen,4
discussing,1
raising,1
duty,4
wine,15
Renfred,3
Rykker,1
commented,1
needed,5
chamber,5
pot,5
laughed;,1
stare,2
routed,1
greater,2
smells,4
decay,1
beseech,1
Father,2
judge,1
justly,1
seventy-seven,1
septas,5
sing,3
Mother,2
mercy,6
Attendees,1
include,5
Lancel,22
grey-faced,1
gaunt,1
hollow,1
cheeks,1
sunken,1
brittle,1
white,5
Gyles,19
Mace,16
Alerie,4
Olenna,10
Garlan,4
Margaery,66
Horas,11
Hobber,10
Paxter,7
kisses,2
cheek,3
Hallyne,3
flaming,2
burn,8
sky,2
west,7
hired,1
master,8
stonecarver,1
statue,2
Lion,1
Gate,4
Lambert,6
Turnberry,2
appears,7
patch,1
eye,4
wear,3
justice,6
Falyse,14
husband,8
Balman,7
Tanda's,1
regrets;,1
Lollys,4
Tanda,5
permission,2
furiously,2
bastard,7
meeting,6
talks,7
Darry,12
outlaws,22
marrying,1
Frey,7
spared,3
holy,7
purpose,1
atonement,1
sins,2
might,15
bedding,3
braves,1
host,6
Meg,1
Alla,11
Elinor,10
Alyce,1
soon-to-be-born,1
Lanna,3
consent,3
Taena,38
Free,2
Cities,2
thinly,1
veiled,1
requests,1
mentions,7
uncle,7
Garth,3
agreed,9
council,18
lies,13
capacity,2
angry,7
insulted,1
makes,19
snide,1
comments,2
stink,1
corpse,3
leading,3
Erryk,2
Arryk,2
allows,2
invites,1
position,4
officials,1
Petyr's,5
payroll,1
issue,3
appointed,1
gets,18
moment's,1
announces,4
attends,4
investigating,1
Tyrion's,4
disappearance,1
escaped,5
vanished,1
jailor,2
Rugen1,1
undergaoler,2
cells,7
appointment,3
kept,5
went,7
Rugen's,1
thoroughly,1
examined,4
city,17
secret,3
compartment,1
floor,5
chamberpot,2
contained,1
single,5
bearing,5
likeness,1
XII,1
Gardener,1
Reach2,1
Gregor,9
manticore,1
venom,1
poison,4
used,18
thickened,1
somehow,1
spell,3
responsible,4
Whatever,1
cause,4
painfully,1
study,2
discover,2
art,1
aspired,1
greatest,1
healer,2
opened,4
bodies,2
nature,2
began,7
opening,1
living,1
stripped,2
banished,1
Qyburn's,2
dismisses,7
warning,3
keep,17
sunset,1
supper,1
broaches,1
subject,2
naming,5
reluctant,1
regent,4
aghast,1
idea,12
kingdom,5
set,12
contemptuous,1
abilities,1
capability,1
throws,9
withdraw,1
terms,5
looked,3
financial,1
well-being,1
keeps,7
service,6
number,3
easily,1
double,1
hiring,2
freeriders,1
sellswords,2
Mathis,3
bought,4
Tyrells,2
put,13
debt,6
Mace's,1
side,10
retorts,3
stands,6
mourners,2
remain,5
implore,2
incredible,2
guilt,2
releasing,1
blames,4
waited,1
Varys's,2
eunuch,1
dagger,4
throat,5
threatening,1
imagined,1
reappeared,1
led,19
passages,4
search,4
yielded,4
skulls,2
gazed,1
remembered,2
Rhaegar,11
ridden,1
Robert,51
battle,11
pleaded,1
close,7
harm,5
That,20
ladies,5
passed,3
afternoon,2
secretly,1
happy,3
visibly,2
distraught,1
story,11
plague,2
struck,2
three-quarters,1
Hightower,3
responded,3
port,4
closing,2
ordering,2
slay,2
tried,17
flee,2
hated,2
reopened,1
dragged,2
horse,13
slit,2
admired,1
reason,3
Jaime's,8
thoughts,4
turn,7
suspects,2
traitorous,1
Ilyn,21
Payne,2
Justice,3
command,7
dungeons,5
actual,1
running,5
underlings,1
questioned,2
chief,2
Rennifer,2
Longwaters,1
disgusted,4
ordered,6
turnkeys,1
berated,1
Half-delirious,1
wander,1
claim,15
slept,2
file,3
devotions,2
knighted,2
Arthur,1
Dayne,1
clothed,1
roughspun,4
Kevan's,1
refusal,1
relationship,2
begs,1
fool,5
rotting,2
exudes,1
horrid,1
stench,1
arrive,15
guarded,4
smell,2
cry,5
retch,1
flees,3
advice,2
scolds,1
fury,1
sup,3
rounds,1
capture,2
Storm's,7
End,7
weds,1
wedding,15
consummate,1
anyway,2
marriage,10
aside,6
agrees,17
queues,1
waits,8
gate,6
looks,12
Most,4
farmers,1
pair,1
wealthy,1
townsmen,1
horse1,1
bar,3
remarks,1
repaint,1
sister,9
market,2
square,1
inside,5
hawkers,1
selling,1
leftover,1
Northmen,5
cheap,1
prices,1
guardsman's,2
repainting,1
site,1
Danelle,1
bats,1
Harrenhal,11
moonless,1
carry,6
cooking,1
asked,5
describes,3
design,2
recalled,1
armory2,1
dare,2
Swords,1
street,1
Darklyn,3
realm,2
securing,1
bath,7
Darklyns,2
learns,6
Darkes,1
Darkwoods,1
Dargoods,1
lordly,1
Denys,8
ruled,5
coming,10
Dun,1
Fort,1
inquire,1
Maidenpool,11
Rufus,3
Leek,1
serves,4
absence,3
presents,2
warrant,1
annoyed,3
Dontos,4
Hollards,2
high,3
queens,1
absorbed,1
larger,1
Hollard,5
continued,3
Defiance,1
defiance,2
event,2
drove,3
mad,5
tale,5
Myrish,2
Serala,2
gained,3
Lace,1
Serpent,1
poisons,3
supposedly,5
whispered,1
ear,3
blamed,4
planting,1
Denys's,2
kidnap,1
lord's,5
master-at-arms,6
Symon,2
Gwayne,1
Gaunt,1
encamped,3
army,4
dared,2
attack,4
threatened,1
end,23
Barristan,3
Selmy,1
managed,1
rescue,3
begged,4
Instead,2
executed,6
uncles,1
extinguish,1
burned,14
alive,7
steward,2
married,8
taunted,1
pulled,6
captivity,1
rack,1
slain,2
villages,2
torch,1
Symon's,1
twin,1
Steffon,3
look,10
elsewhere,2
On,5
dejected,2
failure,1
fled,10
strangers,1
someplace,1
interrogation,1
Brella,3
washerwoman,1
brothel,6
noble,3
hire,2
traitors,1
godswood,2
probably,9
guess,2
bannerman,2
relatives,1
instead,17
Riverrun,19
Vale,16
decide,3
wrong,1
starts,2
collides,1
familiar,2
mutters,1
apology,1
crowded,1
dwarf,7
dwarf's,1
tonsured,1
Septa,7
Roelle,2
style,1
adopt,1
show,8
ransacked,1
able,7
squeeze,1
log,1
headed,3
Maidenpool3,1
establishment,2
Stinking,7
Goose,8
Narrow,3
Tyrion4,1
Nimble,2
Dick,18
boasting,2
"""fooled",1
"fool""",1
buys,2
leery,1
course,2
action,2
dreams,9
Renly's,2
becomes,5
repainted,1
includes,1
tree,3
star1,1
common,8
attacked,4
buried,3
Robb,5
Catelyn,7
Catelyn's,1
More,2
right-hand,1
Crackclaw,3
Point,5
left-hand,1
Seeing,1
merlons,1
crowned,6
yellow,3
sandstone,1
ruined,3
belonged,1
developing,1
refuge,1
ruin,2
searching,3
wood,1
hears,4
rider,4
underestimate,1
Grandison's,1
betrothed,6
Humfrey,6
Wagstaff,1
sixty-five,1
vowed,1
act,4
chastise,1
accept,1
chastisement,1
beat,2
yard,8
broke,6
Humfrey's,2
collarbone,1
ribs,3
subsequent,1
sparring,3
match,8
betrothal,3
fallen,6
Goodwin,1
pride's,1
sake,3
strategy,1
conserve,1
strength,15
striking,1
surprised,13
specifically,1
bumped,1
following,4
ambush,1
sneaking,1
whack,1
tourney,2
mud,1
stutter,1
Podrick,26
sympathy,1
Ronnet,7
Connington,4
Evenfall,1
twelve,3
eighteen,1
bringing,3
rose,2
nervous,2
words,7
demands,9
lead,6
Eyrie,4
plagued,1
Marillion's,2
constant,2
singing,7
Petyr,59
Littlefinger,1
singer,14
Nestor,17
inquiries,1
Lysa's,5
demise,1
Marillion,8
truth,5
matter,4
incentive,1
frightens,1
necessary,3
lied,2
happened,8
protected,4
fully,2
trust,4
willing,1
moment,5
devious,1
isolated,2
friendless,1
unable,4
Albar,1
men-at-arms,4
Colemon,8
greet,5
introductions,1
Gretchel,3
Maddy,3
mess,2
washbasin,1
addresses,3
Sweetrobin,1
actually,10
Lothor,9
lock,2
sleeping,7
nuzzling,1
breasts,4
wetting,1
receives,3
Lysa,10
Belmore,4
deed,5
Alayne,1
recounts,1
Part,1
shaking,5
violently,1
fly,2
forced,6
restrain,2
episode,1
mocking,3
nobles,1
showered,1
Mord,4
blind,3
confesses,4
murder,3
jealous,1
pregnant,2
astonished,1
teeth1,1
refreshments,3
guests,3
Oswell,1
Nestor's,3
retainers,1
Lords,11
Yohn,13
question,3
force,4
Symond,5
Templeton,2
Anya,10
Waynwood,4
Benedar,5
Gilwood,4
Hunter,2
Horton,5
Redfort,2
Samwell,1
Uthor,1
Tollett,1
Damon,1
Shett,1
Royce,4
Coldwater,1
Lyn,9
Corbray,3
Protector,2
decree,3
branch,1
Keepers,1
Gates,8
Moon,9
perpetuity,1
claiming,2
murdered,3
bold,2
move,8
Arryn,6
summer,1
wore,2
Falcon,1
Crown,1
remains,7
possession,2
Keeper,1
Ronnel,2
cousin,3
coveted,1
fells,1
deserves,2
reward,4
Much,1
gave,8
admits,5
bribe,1
outright,1
rebuffed,2
bequeath,1
ploy,1
compliments,3
protests,5
deception,1
fail,2
figuring,2
crews,1
celebrating,1
disheartened,1
Each,3
hung,1
banner,2
Botley,5
Volmark,3
Myre,3
represented,1
personal,1
sigils,2
Harlaws,4
Sigfryd,2
Hotho,7
Boremund,2
Harras,8
notes,2
Rodrik,25
present,8
Three-Tooth,5
answers,9
Tristifer,8
Sawane's,2
eldest,4
Harren,3
uncomfortable,1
speaking,3
abed,2
Widow's,1
Rodrik's,4
Gwynesse,1
moved,2
mourn,1
complaining,3
Alannys,1
frail,1
campaign,1
heartbroken,1
dreads,1
captives,4
Sybelle,2
Glover,1
Gawen,4
Erena,2
warns,3
cared,3
die,6
newest,1
Theomore,2
infancy,2
flooded,1
cellars,1
damp,2
stones,1
festering,1
nitre,1
changeable,1
six,12
change,2
castles,3
squashed,1
thickest,1
Book,4
almost,9
longship,1
Song,3
pronouncing,1
judgments,1
Marwyn's,1
Lost,1
Books,1
author,1
Signs,1
Portents,1
visions,2
Aenar,1
Valyria,3
expected,6
delayed,3
winds,2
Sybelle's,1
dried,1
goat,1
idly,1
nearest,1
Maegor's,3
Poor,2
Fellows,1
family,5
timing,1
Euron's,7
coincidence,1
drive,2
gathered,4
Myres,1
islands,6
Baelor,10
Blacktyde,4
consult,1
sailed,3
confused,2
amused,3
Blind,2
Beron,1
Gull,1
Aeron's,1
worried,6
according,3
Haereg's,2
Ironborn,1
Urron,1
Orkmont,2
letting,2
axemen,1
loose,5
among,8
attendees,1
Greyiron,1
unopposed,1
There,15
although,2
Denestan,1
argued,2
Questions,1
events,3
terrible,4
folly,2
warring,1
argues,1
elected,1
deterred,1
supports,1
richest,1
populous,1
equal,1
entreats,1
Winterfell,7
impossible,1
identify,1
attending,5
stays,3
heir,10
unlikely,1
grandsons,2
ambitions,1
follow,7
Out,1
stopped,4
crannogmen,1
Moat,5
Cailin,5
dispossessed,1
Half,1
Waldon,1
Wynch,1
swear,1
Tristifer's,2
Germund,3
portion,1
vast,1
hoard,1
treasure,2
promises,5
restore,1
naught,1
fostered,3
boys,2
Maron,5
fancy,1
favor,5
lose,6
interest,2
bear,3
warrior,1
Soon,4
Qalen,1
foster,1
write,2
Joseran,1
letters,3
professes,1
continuing,3
adoration,1
bothers,1
feelings,1
treachery,2
Alyn,4
Orkwood,3
Pinchface,1
Left-Hand,1
Codd,4
Half-Hoare,1
Oarsman,5
Kemmet,1
Bastard,2
Freeborn,1
Torwold,3
Browntooth,1
important,2
shocks,2
weaken,1
resolve,1
grabs,3
arm,4
causing,5
dirk,1
dresses,5
Tommen's,6
secure,2
offend,1
Highgarden,6
eggs,7
breakfast,4
breaking,3
discovering,1
contains,2
half-formed,1
chick,1
security,1
precautions,1
dish,2
goldcloaks,4
dishes,2
taste,2
purges,1
antidotes,1
safety,2
tent,12
Melara,7
hag,1
threats,3
opportunity,2
sharing,1
point,15
conceive,1
Ossifer,1
Plumm,2
"""much",1
"dead""",1
fathering,1
confused1,1
smoke,2
ridiculous,2
bit,3
knocking,2
ripping,1
floors,1
stableboys,1
explore,2
stuck,1
shrieking,1
legs,2
Two,4
disappeared,2
tunnel,2
palace,1
river,5
Jamie,1
compares,1
wildfire,2
akin,1
stranger,2
loved,3
compared,1
Joffrey's,2
travesty,1
congratulations,1
Lyle,9
Harwyn,3
cleared,1
Lancel's,1
bride,3
Amerei,7
area,4
safe,5
remnants,1
Brave,4
Companions,3
Beric,9
hanging,7
Freys,12
Sandor,17
joining,6
raid,7
raping,1
twelve2,1
person,6
deal,7
Damion,1
Daven,12
Warden,2
West,2
snub,1
cross,3
particular,1
reassures,1
besiege,1
Brightwater,1
embraces,1
hates,4
mourning,2
Joffrey,8
slapping,1
modest,2
courses,1
Boy,4
Butterbumps,1
entertain,1
musicians,1
play,5
Only,2
favorite,1
Margaery's,9
Wat,7
Blue,7
Bard,6
Maggy,10
Frog,3
crone,1
sucked,1
prophesied,1
despite,7
fact,6
cough,3
scaring,1
choking,1
retreats,1
follows,2
comfort,2
brings,13
spy,2
Megga,9
rewarded,2
assuaged,1
rely,1
surround,3
dances,3
girls,7
Tallad,7
shares,2
Aurane,17
Waters,4
plotting,1
signal,1
archers,4
launch,1
arrows,2
ignites,1
within,1
burns,1
Merryweather,3
Qarlton,2
Chelsted,1
Eddard,2
scheming,1
betrayals,1
rules,3
retire,1
disguise,2
fortnight,4
mob,1
trader,1
comfortable,3
horrified,1
wearing,5
proudly,1
Edgerran,1
Open-Handed,1
seated,2
Three,4
Leaves,1
pierced,1
spears,2
Pass,1
Alester,1
sounded,1
warhorn,1
breath,3
Green,2
Oak,1
defending,2
history,2
eyed,1
hostility,2
worse,3
quieter,1
confined,4
Snakes,4
Still,2
wears,6
cloak,6
"""she""",1
weakness,1
Blessed,1
fast,5
fainting,1
tame,1
lusts,2
playing,2
game,7
Volantis,3
Cyvasse,1
Trystane,2
via,1
Planky,4
Town,7
crazy,1
Trystane's,1
sworn,2
Gascoyne,1
Greenblood,3
Just,3
inflamed,2
built,2
bride1,2
mark,1
Dorne's,1
entry,1
Kingdoms,1
sanctuary,1
strict,1
secrecy,1
destination,1
Princess,3
resist,1
allure,1
sex,9
shame,2
betrayal,1
broken,19
convince,7
honors,1
tempt,1
insist,2
Godsgrace,1
vow,4
Blount,1
Preston,1
Greenfield,1
Terrence,1
Toyne,2
disgraced,1
Lucamore,2
Strong,4
songs,4
Lusty,2
gelded,1
Naerys,1
though,13
false,5
IV,1
spread,3
Daemon,3
Lewyn,2
lover,4
recorded,1
White,4
changes,3
tactics,1
arguing,2
monsters,1
dishonored,1
disagrees,2
monster,2
ashamed,3
times,9
strike,1
better,5
suited,1
agree,3
braver,1
confident,2
polished,1
Viserys,1
Rhaenyra,2
Criston,2
Cole,2
Kingmaker,2
split,2
conflict,1
Dance,1
No,3
everything,6
wanting,1
dominate,1
tractable,1
ancient,2
Andal,1
custom,2
gaining,1
spurned,1
virtual,1
prisoner,3
implores,4
happen,3
wavering,1
disappointed,3
Six,1
contemptible,1
regard,1
Also,1
chanced,1
Quentyn,11
met,2
page,2
Yronwood,4
chose,4
knighthood,2
Uncle,1
misunderstood,1
slipped,1
disguised,1
Company,4
contract,5
Myr,5
exiles,1
rode,4
Bittersteel,1
rebellions,1
Blackfyres,1
counseling,1
eliminate,2
Arianne3,1
Arianne's,3
pleas,1
proper,2
farmer,1
fall,3
ox,1
carried,4
wandered,1
rebuilt,1
hunted,1
worst,1
occur,1
William's,1
Randyll's,2
Dickon,2
Caron's,1
chill,1
claimed,5
try,9
steal,2
rape,2
farmer's,1
Hyle,28
Hunt,1
gatehouse,1
puts,5
business,2
rebirth,1
everywhere,2
soldiers,1
rebuilding,1
traders,1
returning,3
harbor,7
yields,3
Gulltown,8
William,2
dispensing,1
gallows,3
corpses,4
deciding,1
cases,1
greatly,2
intimidated,1
seeks,2
possibility,1
declines,2
apologize,2
Big,2
Ben,6
Bushy,1
Richard,3
Farrow,2
Will,5
Stork,3
Mark,5
Mullendore,3
stable,2
horses,4
negative,1
played,2
hurtful,1
banners,7
unkempt,2
putrid,1
proprietor,1
Crabb,2
nod,2
mockery,2
kindness,1
select,1
clean,2
mail,1
gifted,2
drinking,2
horn,8
Edmund,4
Ambrose,2
flowers,1
beautifully,1
illuminated,1
sundry,1
lute,1
Hugh,3
Beesbury,2
honey,1
laugh,3
antics,1
monkey,1
offered,3
rub,1
shoulders,4
Inchfield,1
attempted,3
knocked,1
backwards,1
cookfire,1
perplexed,1
behavior,1
overheard,1
wager,2
Apparently,1
camp,10
contest,1
winner,1
acting,2
follower,1
strongly,1
urged,1
reverie,2
interrupted,1
Dick's,3
arrival,8
Arya1,1
Whispers,2
Clarence,3
smuggler's,1
cove,1
thirty,3
nicknamed,1
Tattersalt,1
seems,4
sad,2
listless,1
Sam's,4
attempts,1
cheer,2
trip,1
relatively,2
calm,5
sings,3
oarsmen,1
spends,3
gazing,1
wall,4
Dragon,4
thirty-five,1
V,2
emptied,1
companions,6
Bloodraven,1
sea,12
Arbor,4
seasick,1
Paxter's,4
cupbearer,1
Horn,6
Hill,5
If,6
performed,2
nears,1
Skagos,2
rail,1
cries,2
constantly,2
except,2
feeding,1
Gilly's,2
beset,1
storms,4
likes,3
feel,1
awakes,3
carries,3
warm,2
companion,3
sight,2
mutter,1
luck,2
cause;,1
happens,4
lullaby,1
anything,6
fear,7
grief,3
obvious,2
obviously,3
persuasion,1
switch,1
babies,1
Melisandre's,1
fires,5
Lannister's,1
funeral,1
procession,1
laid,1
wagon,2
draped,1
crimson,1
attended,4
surrounded,3
Brax,1
Antario,1
Jast,1
Quenten,1
Banefort,1
Philip,1
Garrison,1
Prester,1
Moreland,1
Behind,3
crossbowmen,2
peace,4
trouble,3
thing,4
awhile,5
hunt,3
butchery,1
Saltpans1,2
remind,1
incest,1
largely,1
empty;,1
departed,2
homes,2
plant,2
harvest,3
camped,2
fleet,11
sail,5
Dragonstone,9
Crakehall,2
Kennos,5
Dermot,9
Bettley,3
Stackspear,1
quintain,3
jousting,3
Stokeworth,3
delivered,3
Bronn,12
heavily,2
ecstasy,1
consumed,1
aroused,3
Rhaella,2
Rhaella's,1
reign,3
stood,2
savaged,3
passion,1
maid's,1
whisper,1
beast,3
clawing,1
thighs,1
chewing,1
presence,3
nails,1
grown,3
inches,2
depart,2
chastises,1
keeping,1
feeds,1
Roose,5
trapped,2
Neck,2
Ramsay,4
plus,1
Hosteen,1
Aenys,1
Orton,11
please,3
strong,8
confirms,4
choice,6
commands,7
largest,1
bannermen,1
listen,2
becoming,2
paranoid,1
snaps,2
hunched,1
handful,1
forgotten,2
heroic,1
despicable,1
possessed,1
qualities,1
whose,3
staring,2
ruffians,1
leather,1
await,2
pleasure,1
Dorcas,10
recoil,1
horror,1
start,8
bicker,1
sparrow1,1
executing,1
hesitate,1
forgot,1
assures,9
informers,2
cleaned,1
Gregor's,7
presentation,1
Doran2,1
bells,1
ringing,1
background,2
tolling,1
whisperers,1
Inside,2
replacement,1
appalled,3
titles,1
Besides,1
justiciar,1
treasurer,1
admiral,1
Harys,11
hostage,2
councilor,1
meetings,2
fitted,2
seething,1
control,4
deliver,5
head2,1
preaching,3
devil,1
worship,5
smiles,2
passing,1
surprise,4
one3,1
candidates,1
succeed,2
Torbert,4
Raynard,7
Ollidor,2
Luceon,3
Talk,1
bores,1
pondering,1
discussion,2
anathema,1
concern,1
produce,1
declaration,2
intent,2
assistance,1
seemed,3
unconcerned,1
Declarant,8
harmed,2
shifts,1
royal,4
Less,1
rebuild,1
alliance,2
building,2
dromonds,8
coughing,2
bloody,2
phlegm,1
money,2
Though,1
revenues,1
Robert's,14
debts,2
defer,1
payments,1
Bank,4
conclusion,1
reconsider,1
ruthless,1
collecting,1
Walder,9
putting,3
forth,2
aggressively,1
Wedding,4
blame,1
relations,1
execute,4
appease,1
Volantis4,1
Janos,1
reported,4
Umber,1
Ryswell,1
Bolton,1
clear,1
Wyman,5
Manderly,1
verge,1
marry,14
granddaughters,1
Stannis's,2
missives,1
Davos,3
envoy,1
Starks,1
fake,3
"""some",1
steward's,1
"whelp""5",1
naturally,1
election,1
withhold,1
removed,3
proposes,3
hear,10
session,1
apparently,6
overly,1
occasion,1
seduce,2
adultery,3
pardoned,1
lordship,1
summons,4
fancies,1
presented,1
bronzed,1
placing,1
Victory,5
Nagga's,2
Cradle,2
Nute,9
Barber,3
prow,1
beginning,4
hailed,3
likewise,1
Ralf,11
Stonehouse,4
Kenning,2
Limper,4
nine-tenths,1
Fleet,7
Fickle,1
rough,2
seas,1
sails,1
ragged,1
Grief,3
Vengeance,2
Hardhand,2
Wind,8
Vickon,2
Dagon,4
bay,4
longships,4
Dunstan's,2
Thunderer,1
Baelor's,2
Nightflyer,1
Silverfin,1
Silence,3
seal,2
greets,5
water's,1
edge,1
blesses,1
seawater,1
swarm,1
feasts,2
famous,3
Those,1
attendance,1
Fralegg,2
Alvyn,2
Sharp,3
total,1
childbirth,1
pox,3
ending,2
worshiper,1
Victarion's,3
commit,2
Humble,4
boot,1
Lenwood,1
Tawney,1
fiddles,1
Romny,1
Weaver,1
Qarl,3
Eldred,2
Late,1
appearance,2
Greyjoys,1
fighting,7
Dunstan,3
Drumm,4
Stonehand,1
Shepherd,1
Lordsport,1
Thrall,1
Crow's,1
Eye,1
spars,2
disgust,1
supporters,2
Many,3
merriment,1
Lyseni,1
pirates,1
reluctantly,2
courting,1
assured,1
Deepwood,2
Motte,1
Torrhen's,1
Square,1
cede,1
Stony,3
oppose,2
conquering,1
whole,6
rejects,1
belly,2
preside,1
choosing,1
Sigfry,1
Andrik,5
Unsmiling,1
Gylbert,2
Farwynd,1
champions,3
Ygon,1
paradise,1
Sunset,1
value,1
Not,2
rise,2
Erik,2
Ironmaker,2
championed,2
Urek,1
Thormor,1
chant,1
carrying,4
Rain,2
Donnel,2
reminding,1
crowd,5
regales,1
tails,1
illustrious,1
ancestors,1
Dale,1
Dread,1
Roryn,1
Reaver,1
Gormund,1
Oldfather,1
Hilmar,1
Cunning,1
wooden,3
cudgel,1
interested,3
treasures,2
poor,5
mostly,2
bronze,1
crucial,1
stage,1
rises,2
prowess,2
wealth,2
gems,1
plunder,3
Nearly,1
whistles,1
cut,4
noise,2
Maid,1
waging,1
victories,1
won,4
chests,1
riches,1
north,4
pebbles,1
pine,1
cones,1
turnips,2
Harmund,1
friendship,1
northmen,2
shout,1
riot,5
blast,1
pierces,1
air,3
crew1,1
sounding,1
shiny,1
banded,1
incised,1
glyphs,2
glow,2
sound,5
subsides,1
catch,3
hold,8
blisters,1
bleeding,4
chest,1
victory,5
smoking,1
bind,1
unloads,1
shouting,1
coast,2
smaller,3
wilderness,1
awake,1
pull,1
saddlebags,1
decoy,4
filled,1
flour,1
hidden,1
Visenya,1
subdue,1
Knowing,2
readily,1
anyone,3
loyalists,2
Crabbs,3
Brunes,1
Boggses,1
Trident,7
Hardy,1
Cave,1
Pyne,1
Clement,6
Rupert,1
Short,1
shorter,1
semi-legendary,2
region,1
inns,2
hayloft,1
fishing,1
village,2
ladder,1
complains,4
mistrust,1
trusting,1
complemented,1
Selwyn's,1
melee,4
Bitterbridge1,1
anger,4
suitors,1
Raymond,1
Nayland,1
Harry,2
Sawyer,1
Potter,1
Next,3
faced,2
scorn,1
bore,1
enmity,1
disliked,1
roses,2
dreaming,3
Rainbow,1
Guard,1
victorious,2
rains,1
Dyre,1
Den,1
Eustace,2
Brune,1
hills,2
climb,2
miles,1
soldier,1
forests,1
bogs,1
circle,1
postern,1
notice,1
recent,1
draws,3
middle,4
Pyg,4
Shagwell,6
shatters,1
knee,2
kills,6
blow,5
Timeon,5
scattered,3
Urswyck,1
Rorge,5
Vargo,3
stayed,4
piece,2
etc,1
preventing,1
cock,2
captured,3
interrogated,2
Brotherhood,1
Without,1
Banners,1
Later,3
men2,1
distract,1
flank,1
lunges,1
attacks,1
rock,3
hit,2
engages,1
hits,4
recover,3
weapon,1
dig,1
lowers,3
expecting,1
stabs,1
repeatedly,4
pent,1
coins,2
materializes,1
chance,2
track,2
Hound,7
Hyle's,1
covering,1
abandoned,1
Shandystone,2
Drey,3
Sylva,8
Garin,10
Darkstar,1
remember,5
taught,4
safely,1
viper,1
acquainted,1
dreamed,2
memory,2
disturbs,1
milkbrother,1
inseparable,1
Rhoynar,1
defied,1
million,1
world,4
note,2
slave,2
Astapor1,1
Qarth2,1
Yi,1
Ti,1
corsair,1
arisen,1
Basilisk,1
Isles,2
raided,3
Tall,1
Trees,1
Light,3
Goat,1
Qohor,1
secured,1
services,2
solace,1
popular,1
practically,1
Gerold,12
relieve,1
voices,1
distrust,1
banter,1
Ormond,1
Yronwood3,1
Mellario,2
forgave,1
pretend,3
Garin's,3
spotted,1
Cletus,2
skilled,1
tongues4,1
travelling,1
sealed,2
spear,2
positive,2
crowning,1
acknowledge,1
confusing,1
introducing,1
development,1
amenable,1
female,3
problems,1
not;,1
ruse,3
worked,1
perfectly,1
Myrcella's,1
Rosamund,1
redspot,1
fever5,1
convincing,1
Arys's,1
Dake,1
closest,1
height,1
fat,3
Rolder,1
plan,10
rebuffs,2
Once,6
freed,1
rally,2
allowing,1
forestall,2
Yronwoods,1
declare,1
complain,1
easier,1
boat,7
orphans,5
fleeing,1
Essos,1
symbolize,1
eager,1
embrace,1
constructed,1
boats,1
burnt,2
hulks,2
nomadic,1
continue,5
Rhoyne,2
River,2
lesser,1
Man,6
turtle,1
Crab,1
dominion,1
creatures,1
dwell,1
clearly,2
growing,2
tired,1
halt,2
hurry,1
heat,1
unbearable,1
tents,2
From,3
Vaith,1
desert,2
Sandstone,2
Hellholt,3
youth,4
paramour,1
Harmen,1
Uller,1
doubt,1
crowns,2
league,1
downstream,2
hail,1
crossbows,1
throwing,2
yield,5
hopelessly,1
outnumbered,1
charges,1
gain,1
peppered,2
quarrels,1
crossbow,2
bolts,1
sobbing,3
retching,1
roars,2
pursue,2
someone,6
wails,1
fingers6,1
recites,2
list,2
overhears,1
waif,13
cook,2
Umma,2
interacts,1
Since,2
language,3
silently,1
During,1
works,3
jobs,2
vaults,1
descend,3
sanctum,2
unexpectedly,1
applies,1
questions,3
seeking,1
relief,2
burden,1
''Valar,1
dohaeris'',1
helping,2
kitchen,1
sweeping,1
meals,1
sorting,1
belongings,1
circuit,1
recently,4
level,1
sleeps,4
Needle,3
practices,1
swordplay,1
possessions,2
belong,1
proud,2
deep,4
paths,1
prefers,3
courtesan,4
employed,1
Pearl,5
Dusk,1
type,1
desires,1
Luco,1
Prestayn's,1
Bright,1
consume,1
handle,1
river:,1
swordbelt,2
pouch,1
smallclothes,1
Everything,1
reminder,1
it;,1
hides,1
Faceless,2
"""no",2
"one""",2
possible,4
examining,1
person's,1
starting,1
other;,1
Braavosi,5
novice,6
robe,3
difficulty,2
response,1
thirty-six,1
handling,1
shrunken,1
many-Faced,1
labels,1
fellow,2
stern,1
handsome,1
squinter,2
lordling,1
starved,1
faces,5
knowing,1
changing,1
one's,1
advises,1
controlling,1
muscles,1
task,1
washing,1
mirrors,1
learning,1
tongue,7
Brusco,4
sells,5
shellfish,3
pushing,1
peddling,1
wares,1
cover,1
identity,1
Cat,3
orphan,1
oarsman,1
litany,1
happily,1
rising,1
fetches,1
balcony,1
Giant's,2
Lance,2
leader,5
Runestone,3
pact,1
goal,1
"""misrule""",1
"""false",1
evil,2
"counselors""",1
wardrobe,1
fit,1
porridge;,1
grumpy,1
night;,1
reputation,1
battles,1
duels,1
slew,3
sixteenth,1
birthday,1
Mela,1
spoon,1
porridge,2
bowl,1
gotten,1
frequent,4
violent,1
bleeds,1
uses,3
dreamwine,3
breastmilk,1
healthful,1
properties,1
breastfeed,1
pinch,1
sweet,1
hurries,1
dutiful,1
peck,1
features,2
Tully,6
colors,2
recognize,1
Waymar,1
Hand's,1
tournament,4
expects,2
Grafton,3
Lynderly,3
Lyonel,2
counter,1
duties,2
admit,1
praises,1
root,1
counselors,1
household,4
Helliweg,1
Lucos,1
suitable,1
Harrold,5
Hardyng,3
amuses,1
ward,3
appeased,1
negotiations,1
reached,5
impasse,1
Forlorn,1
duel,1
outraged,1
challenge,2
threatens,7
aright,1
acquiesce,1
hosted,1
Harlan,1
Eon,1
befriended,1
threat,6
implacable,1
working,2
dressing,2
forbids,2
whipping,1
beaten,2
ledgers,1
complete,1
authorizes,1
lunch,1
merchants,3
squares,1
entertains,1
objected,1
beheaded,1
mounted,2
Harbor,4
confirmed,1
Wylis,4
invested,1
Noho,3
Dimittis,1
abruptly,1
apartments,3
erupt,1
echoed,1
mirth,1
Nysterica,2
bows,1
bowing,1
jouster,2
tournaments,1
misspoke;,1
indifferent,1
brilliant,1
reply,1
upset,1
lance,1
rebukes,1
Aron,1
Archon,1
Tyrosh,4
Lys,3
current,2
trade,1
dissuaded,2
revolt,1
Astapor,1
Meereen,1
imprisoned,1
release,3
Santagar,1
Eldon,3
Estermont,3
Both,1
puppet,1
beasts,1
haughty,1
lions,2
greedy,1
devour,1
stag,2
objects,2
hatches,1
eats,1
watched,2
Any,2
worth,1
coffers,1
puppeteers,2
experiments,3
quite,1
"""exhausted""",1
uneasy,1
foul,2
screaming,1
darkness1,1
tub,1
courser,1
lesson,1
morrow,5
imperious,1
kittens,2
exemption,1
eating,2
beets,1
defeated,1
kitten,1
yes,2
wishes,4
supping,1
friend,2
Hetherspoon,2
proved,1
hip,1
accident,2
soon2,1
pleasant,1
Gyles's,1
Furthermore,2
manner,1
filthy,3
displaying,1
pointed,1
picked,1
votes,2
shy,1
assure,1
Lollys's,1
invited,1
hiding,1
preparing,4
behest,1
intimates,2
suffer,1
fatal,1
Dinner,1
midnight,1
checks,2
responsible;,1
liked,2
ill,3
color,1
cat,1
bested,1
fine,1
Genna,11
confided,1
announced,1
giddy,1
prospect,1
Jeyne,20
prophecies,3
sense,2
proposed,1
rejected,2
ablest,1
intend,1
servant's,1
forgiven,1
adamant,2
hanged,9
leaders,1
Thoros,6
Stoneheart,8
hospitality,1
charged,3
pick,2
brain,1
pallet,2
lines,1
Girl,1
mistakes,2
Seastrider,1
buy,1
orange,1
tempted,2
seek,2
check,1
berth,1
storm-damaged,1
heading,4
hang,6
band,3
Beric's,4
Sandor's,4
Meribald,14
Salptans,1
relents,1
northwest,1
dog,1
donkey,1
laden,1
Bay,3
Crabs,2
narrow,2
disappears,1
reeds,1
tidal,1
shoreline,1
stilts,1
dunes,1
clams,3
oranges,1
warn,1
skulking,1
marched,2
live,2
subhuman,1
quest,3
survival,1
Podrick's,1
War,2
Ninepenny,2
mace,2
Pox,1
roofs,1
sets,4
peeks,1
bravos,3
courtesans,2
song,2
Moonshadow,2
plays,2
storming,1
afterwards,4
sounds,3
nightfall,1
waking,3
weak,4
argument,1
drink,5
stead,1
alehouses,1
stronger,2
purpose;,1
ones,3
nearing,1
era,1
wonder,1
terror,1
preserving,1
Ragman's,2
Inn,4
Eel,1
Bargeman,1
Foghouse,1
Outcast,1
Outside,1
Cattery's,1
bumps,1
Terro,2
Orbelo,1
translates,2
insult,1
station,2
somber,1
conversation,3
member,3
Sailor's,7
Wife,6
Happy,5
Port,5
bound,5
sailing,2
Ushanora,1
confuses,1
"""marry""",2
beds,1
one-eyed,3
Yna,3
accosts,1
"""married""",1
lasts,1
Wife's,1
tackles,1
pummels,1
Someone,2
tossed,1
canal,1
sinks,1
bottom,1
drowns,1
Islander,1
Xhondo,7
mate,3
Cinnamon,4
hairs,1
pale,1
crippled,1
shave,1
rescinds,1
coward,1
oath,2
siege,11
dispense,1
Brynden,14
answering,2
stables:,1
forty,1
roughly,1
evenly,1
westermen,1
squires,3
Josmyn,9
Peckledon,1
Garrett,2
Paege,2
main,7
Addam,7
outriders,1
baggage,2
train,3
Bonifer,5
Hundred,2
Flement,1
heavy,1
provided,3
Sarsfield,1
Gulian,2
cages,1
Overall,1
column,1
Jaimes,1
senses,1
glad,1
years;,1
compensation,1
role,1
illiterate,1
unsuited,1
Chief,3
Gaoler,3
Confessor,2
cloth,1
maker,1
purchased,1
office,1
Antler,1
conspiracy,2
flung,1
Therefore,1
conducted,2
crawling,2
vermin;,1
immaculate,1
nodded,1
camps,3
Hayford,1
Ermesande's,1
Ermesande,1
trotted,1
squalling,1
occasions,1
comment,1
knocks,3
goblet,1
temper,1
Tyrek,2
rethinks,1
grab,1
day1,1
beats,1
handily,1
rusty,1
determined,3
spar,1
spending,1
suspect,1
crops,1
roads,1
empty,2
Sow's,1
Roger,2
Hogg,1
towerhouse,2
peasants,2
Amory,1
harrying,1
Riverlands,3
sheep,1
wolves,3
flock,1
Karstark,1
stream,1
divides,2
Crownlands,1
territory,2
Wode,1
halls,1
charred,2
hangs,1
party's,1
Shitmouth,4
Rafford,1
curse,2
garrison's,1
Beardless,1
shove,1
arse,1
"""fuck",1
"spear""",1
Polliver,1
Raff,4
stupid,1
garrison,8
Vargo's,1
limbs,1
fed,4
prisoner's,1
inspect,4
prisoners,3
castle;,1
Blackthumb,1
Pia,6
highborn,3
mistreated,1
spirits,1
sob,1
sups,1
pious,1
fierce,1
devotion,2
slut,1
eighty-six,1
losses,1
staying,1
giving,1
bearpit,1
pit,1
freak,1
carriage,3
Visenya's,1
ahead,1
lively,1
jugglers,1
mummers,7
poets,1
puppets,1
singers,4
Hamish,4
Harper,1
Alaric,1
Eysen,1
whether,4
intimate,1
virgin,1
Bayard,2
Norcross,2
Courtenay,1
Greenhill,1
Portifer,1
Woodwright,2
Lucatine,1
visitor,1
Jalabhar,5
Xho,5
frequently,2
blocking,1
bless,2
crown's,2
Septons,1
understanding,2
unlike,2
hounded,1
fiercely,1
depend,1
Redwyne,7
naval,1
flagship,1
dip,1
oars,2
Sweet,3
Joanna,1
Lioness,1
Rose,1
suggested,1
resumed,1
moving,2
peaks,1
behold,1
path,3
disapproving,1
seasoned,1
sullenly,1
covered,1
waist-deep,1
avenged,1
forsake,1
worldly,1
masters,1
faith,3
fawn,1
swordbelts,1
refuse,2
defuses,1
situation,1
entering,1
knees,1
cleaning,1
form,1
penitent's,2
diet,1
bread,1
plump,1
starving,1
finest,1
robes,1
purchase,1
Devout,1
filed,1
kneel,1
confer,1
whenever,1
towns,3
ministered,1
blessed,2
ripe,1
exalt,1
claimants,2
Conqueror,1
landed,1
fasted,1
Starry,1
emerged,1
Banfred,1
anointed,1
oils,1
Speton,1
forbidden,2
Maegor,2
suppressed,1
militant,2
Sword,1
Star,1
undo,1
laws,2
forgive,2
seventy-four,1
repeal,1
hippocras,1
triumph,1
consisting,1
Janna,1
Meredyth,1
somewhere,2
garnering,1
adulation,1
folk,1
trips,2
occurs,2
Willas,2
conspired,1
charms,1
paid,2
gaoler,1
whisked,1
hunting,3
woods,1
Drums,1
pound,1
Serry,4
snapping,1
leaps,1
laying,2
armored,1
Wulfe,1
One-Ear,1
Ragnor,2
spies,1
Talbert,3
moves,3
engage,1
quick,2
depths,1
vessel,1
smashed,1
retreating,1
Mander,5
bitter,3
credited,1
sat,1
Oakenshield,6
decks,2
dusky,3
devised,1
Bitterbridge,1
looting,1
plundering,1
Reach,3
fisherfolk,1
shields,1
fortresses,1
Greenshield,3
Greyshield,4
Southshield,3
attendant,1
watchtowers,2
defenders,1
tide,3
noon,1
concluded,1
pursuit,1
decoys,1
whispers,1
aided,1
aboard,4
slaves,2
drinks,3
broods,1
levies,1
kin,3
okay,1
advise,1
attempting,1
raise,4
opposition,1
dutifully,1
slaving,1
forming,1
rear,1
Maiden's,2
Bane,1
tally,1
capturing,1
thirty-eight,1
marries,1
Hewett's,3
cog,1
infuriates,1
thralls,1
saltwives,1
sell,1
Hewett,3
kraken,1
conferring,1
gloats,1
unfounded,1
argue,2
combined,1
Grimston,1
challenged,2
Grimms,1
good-daughters,1
finery,1
accustomed,1
tied,1
radish,1
stuffed,1
Falia,1
relishes,1
torment,1
festivities,1
Shields,2
receive,2
recognition,1
granted,6
damaged,1
rivals,1
stroke,1
toast,1
Slaver's,1
voice,2
agreement,2
amid,1
shouts,1
Sometime,1
ironborn,1
conquer,1
wizard,1
hatch,3
threw,2
mood,1
adds,1
Cragorn,1
blew,1
lungs,1
soot,1
shade,1
stole,2
Qartheen,1
well;,2
fields,2
tilled,1
standard,3
quartering,1
lion,1
ploughman,1
represent,2
Herrock,1
announce,3
fortified,1
western,1
Hugo,3
party:,1
toy,1
sacked,2
twice,1
process,1
repaired,1
patrolled,1
armsmen,1
Ottomore,1
shortly,2
ranged,1
prayers,1
bare,2
scenes,1
piety,1
tapestries,1
storeroom,1
portraits,1
usually,2
challenging,1
Clegane,1
Mountain,1
understands,1
sentiment,1
Smiling,1
Knight,1
outlaw,1
weepy,1
Mariya,2
Merrett,2
Danwell,1
anytime,1
men;,1
Twins,2
inquiring,1
believed,2
differently,1
directions,1
Lucias,1
tracked,1
Fairmarket,1
Hag's,1
Mire,1
included,1
man1,2
cloak2,1
cloaked3,1
horribly,1
scarred,1
dealt,1
easy,1
Arwood,1
cautions,2
Saltpans4,1
hoping,1
Quincy,2
ashes,1
Upon,2
hearing,1
pledges,1
bid,1
wool,1
tunic,1
shaved,1
quarreled,1
bids,2
eaten,2
consummated,1
sister-wife,1
Daena,1
sinned,1
wineskin,1
lain,1
hurt,3
pledge,3
Warrior's,5
Sons,4
drunken,2
cried,1
"""I",1
"want""",1
intercourse,1
Arya's,1
laughs,2
gazes,1
Quiet,3
widens,1
emptying,1
ferry,2
monastery,1
silence,2
Elder,9
Brother,14
proctors,3
permitted,2
twisted,1
mudflats,1
island,4
Narbert,3
stables,1
Gillam,1
spirited,1
stall,2
animal,1
Driftwood,2
kicked,2
Rawney,1
harnessing,1
plow,1
Gillam's,1
geld,2
lame,1
digging,2
hillside,1
cave,4
Hermit's,1
Hole,1
legend,1
turned,2
snug,1
inner,2
courteous,1
Bennet,1
raped,1
torn,1
well1,1
carnage,1
difference,1
fishermen,1
raiders,1
rage,2
Crossroads,2
helmet,3
marker,1
else2,1
gift,1
Sworn,1
Stranger,1
seriously,2
wounded,4
looted,1
pours,1
hardships,1
reporting,2
Shield,1
Reports,1
ironman,1
numbers,3
inquires,1
crewed,1
emboldened,1
Moribald,1
Chester,1
Guthor,1
Grimm,1
Osbert,1
councilors,1
problem,2
Leyton,2
defenses,2
lifted,1
manage,1
warships,2
carracks,1
cogs,2
galleys,3
whalers,1
divided,1
ferrying,1
besieging,1
promising,1
grants,2
dromond,1
decision,1
aloud,1
outlived,1
usefulness,1
protested,1
rearming,1
shut,1
secrets,1
requested,2
armorer,1
weight,1
plate,1
abused,1
pain,3
ale,2
smashing,1
chip,1
tooth,1
chipped,1
interrupts,1
guardsman,2
awful,1
state,2
bruised,2
combat,5
unhorse,1
sellsword,2
stunned,1
impaled,1
Balman's,2
crushed,1
ran,2
sided,1
forfeited,1
woman's,2
awakens,1
twists,1
Taena's,1
nipples,1
pleasures,1
joy,1
rolls,2
Trumpets,1
pierce,1
automatically,1
trumpets,1
Garret,1
braziers,1
Daven's,4
expect,1
dragging,1
engaging,1
irritated,1
contingent,1
Ryman,9
Edwyn,9
hate,1
Emmon,15
avoid,1
damaging,1
Rivers,3
Perwyn,1
amiable,1
dissolved,1
vex,1
gibbet,1
noose,1
Edmure's,4
neck,2
swayed,1
Roslin,2
Edmure,18
retaliation,1
encircled,1
Tumblestone,1
Forley,8
original,2
Riverlords,3
fold,1
Fork,2
rivers,1
boom,2
prevent,1
resupply,1
manned,1
Yew,1
Ruttiger,1
Starving,1
option,1
provisioned,1
foraging,1
parties,1
thanks,3
Fires,1
parlay,2
arrow,1
rump,1
generous,1
mingle,2
warhammer,1
hoisting,1
half-naked,1
washerwomen,1
joust,1
rolled,1
cloaks,1
humiliated,1
environs,1
surrounding,1
Ryman's,2
biggest,1
disorganized,1
fights,2
boar,1
baiting,1
entertained,1
Whitesmile,2
Lannisport,1
too1,1
beholds,1
Sumner,1
Hoster,1
renown,1
Emmon's,1
Lychester,1
Vance,1
Roote,1
Goodbrook,1
Smallwood,1
Mallister,2
Bracken,2
Ryger,1
renewed,1
Brackens,1
busy,2
Blackwoods,1
quickly;,1
renew,1
standards,1
completed,1
towers,1
ram,1
construction,1
perimeter,1
request,1
Aunt,1
tow,1
Cleos,1
engines,1
fair,2
vassals,1
Paramount,1
Cleos's,1
male,2
extinguished,1
consulted,1
Martyn,1
reviving,1
rebellion,2
Son,2
Fellow,1
pardon,1
thirdborn,1
elders,1
announcement,1
Ellyn,1
laughed,1
Reyne,1
stormed,1
Tygett,1
Gerion,1
Brusco's,4
Talea,3
Brea,3
pile,1
wends,1
fishmarket,1
recall,1
dream,6
wolf,2
rainy,1
wasteland,1
dog's,1
prevents,1
finding,2
instructs,1
haul,1
finished,2
lookout,1
Kindly,4
Beqqo,1
hot,1
sauce,1
Lantern,1
performing,1
Woeful,1
Countenance,1
Ship,4
Drunken,3
Oarsmen,1
bookseller,1
Lotho,1
Lornel,1
Moredo,1
Prestayn,1
canals,1
unload,1
Purple,1
plies,1
Pool,1
sights,1
enjoys,1
mingling,1
insulting,2
phrases,1
Roggo,1
patron,1
knife,1
sleeve,1
denizens,1
Gyloro,1
Dothare,1
Gyleno,1
eels,1
speeches,1
Conqueror's,1
Wives,1
Merchant's,1
Cossomo,1
Conjuror,1
sleight,1
makeup,1
artist,1
instruct,1
kissing,1
Tagganaro,1
docked;,1
carrack,1
Brazen,2
Monkey,2
whaler,1
battered,1
Pentos,2
galley,3
pirate,2
Salladhor,1
Saan,1
Mother's,1
dockside,1
S'vrone,1
robbed,1
least,1
nasty,1
Canker,1
Meralyn,1
Bethany,1
Assadora,1
nice,1
Another,3
lad,1
afford,1
sought,1
lovers,2
barge,1
mystery,1
Poetess,1
Merling,1
Veiled,1
reputedly,2
descended,1
stock,1
Bellegere,1
Westerosi,1
Taggnaro,1
Casso,1
cutpurse,1
Little,1
Narbo,2
Joss,1
Gloom,1
Myrmello,1
actors,1
Quence,2
caught,1
Allaquo,1
troop,1
Sloey,1
angered,1
Merry,1
flirting,1
forsworn,1
weddings,1
Often,1
Ezzelyno,1
performs,2
defrocked,1
available,2
teenager,1
prays,1
barrow,1
Dareon's,1
boots,2
bathes,1
biting,1
lip,1
Surprisingly,1
remarried,1
deformed,1
two-thirds,1
Alaquo,1
aftertaste,1
funerary,1
Quhuru,4
Mo,1
Kojja,6
speech,2
cask,1
rum,3
self,2
misled,1
Barth,2
reasoned,1
gender,1
unimportant,1
devoured,1
Summerhall,1
representing,1
comet,2
conceived,1
prove,1
walked,1
Passage,1
restitution,1
Aemon's,3
Fist,1
describe,1
failing,2
misread,1
V's,1
Rhaelle,1
Lightbringer,1
forgery,1
counseled,1
delirious,2
rave,1
dreamer1,1
lit2,1
hatch3,1
riddler,2
writings,1
weeping,1
barely,1
darling,1
admire,1
inhibitions,1
grow,1
hangover,1
exhorting,1
work;,1
avoids,1
corners,1
trees,2
freshly,1
releases,1
raiding,2
overwhelmed,1
bloodbath,1
slow,1
insisted,1
frontal,1
assault,6
Rolland,1
breach,1
thigh,1
shoulder,2
doused,1
boiling,1
oil,1
stricken,1
lays,1
usual,1
accomplished,1
telling,4
Tyroshi,4
box,1
Furious,1
audiences,1
petition,1
regain,1
Flower,1
maybe,1
disaster,1
disgrace,1
repayment,1
outstanding,1
loans,1
refusing,1
bank,1
delegation,2
reconstituted,1
Although,1
higher,1
brothels,1
owners,1
complained,2
bits,1
lung,1
thankful,1
tedious,1
whip,1
Pate's,1
resolved,2
Word,1
Farman,1
grounds,1
crone's,1
fortunes,1
replied,1
shrouds,1
valonqar,2
choke,2
However,1
potion,2
Maggy's,2
fades,1
strangling,1
future,2
foretold,3
suggest,1
subdued,1
confers,1
produced,1
Melara's,1
bloodmagic,1
powerful,1
Poison,1
treason,4
defeat,1
mile,1
crossroads,2
shoved,1
yards,1
mouths,1
gibbets,1
hound's,1
Masha,1
nephews,1
reopen,1
garner,1
adding,1
Masha's,1
nieces,1
hammering,1
forge,3
door;,1
Willow,5
arranges,1
accommodations,1
innkeep,2
Gendry,8
Tansy,1
Penny,1
manhood,1
woo,1
parentage,1
riders,1
Biter,3
loaded,1
punish,1
slams,1
senseless,1
Blackfish,2
rude,2
Sybell,9
surrenders,1
stump,1
dismount,2
consists,1
Karyl,2
Norbert,1
subbing,1
westerners,1
assassination,1
blows,1
intercedes,2
protest,1
damage,1
obliges,1
Seagard,1
Patrek,1
meaningless,1
cows,2
ground;,1
rope,1
Edmure1,1
seeing,1
birth,4
singer1,1
"""Rains",1
"Castamere""",1
attendence,1
succumbed,1
draughts,1
grieves,1
revealing,1
injured,1
provides,1
moon,2
tea,2
contraceptive,1
escheat,1
existence,1
requires,2
informants,1
formulates,1
entertainment,1
elevate,1
seduced,2
torture,2
chandler,1
troupe,1
witnessing,2
crime,1
Clifton,2
recant,1
accusations,1
valuable,1
testify,1
trial,7
feeling,1
slightly,1
innocent,2
persuaded,1
witness,1
torturing,1
Day,1
implicate,1
traitor's,1
escape,1
Spear,1
co-conspirators,1
Andrey,2
Ghaston,1
fates,1
caused,1
betrayed,2
trusts,1
betraying,1
betray,1
company,1
her:,1
Bors,1
Timoth,1
Morra,1
Mellei,1
Cedra,6
Belandra,1
continually,1
wrapped,1
bandages,1
subverting,1
infatuated,1
bedded,1
advantage,3
painting,1
dire,1
picture,1
message,2
Franklyn,1
Fowler,1
careful,1
composing,1
seldom,1
disfigured,2
shied,1
futile,1
provoke,1
games,1
eventually,1
defense,1
silenced,1
rights,1
rid,1
displace,1
pawn,1
Greybeard,1
Grandison,1
awry,1
would-be,1
molten,1
gold1,1
Kedry,1
Yronwood's,1
knights2,1
uncertain,1
desires:,1
resorting,1
budge,1
Artys,1
flew,1
falcon,1
Griffin,1
bribes,1
flattery,1
mountain,1
winter,3
mountaintop,1
inaccessible,1
cajoles,1
Terrance,1
descent,2
nose,1
frailty,1
merchant's,1
arranged,2
Waxley,1
reconciled,1
sweetsleep,1
health,1
winch,1
couple,1
supplies,1
Myranda,4
ascent,1
mule,2
handler,1
Mya,3
warned,1
shrewd,1
pack,1
impatiently,1
Sky,1
bucket,1
handlers,1
Ossy,1
Carrot,1
staggered,1
intervals,1
appearances,1
meaning,1
Delcarant,1
out1,1
blurts,2
showcase,1
Harold,2
Heir,2
begun,1
snow,3
finishing,1
Byron,1
Morgarth,1
truly,3
gigantic,1
dowry,1
condition,1
Jasper,3
addition,1
Alys,2
Elys,2
Elbert,2
II2,1
numerous,1
minor,1
branches,1
infant,1
Of,1
Paps,1
barren,1
Burned,1
fifth,1
Waynwoods,1
reclaim,1
feverish,1
semi-conscious,1
wrists,1
ankles,1
horrible,1
nightmares,1
refers,1
"""lion""",1
referring,1
terrors,1
sour,1
cracked,1
panic,1
shoving,1
spearpoint,1
focuses,1
Heddle,1
released,1
drifts,1
broth,1
captors,1
sodden,1
helm1,1
eye2,1
clad,3
linen,1
shirt,1
injuries,1
An,1
pink,1
stirs,1
tended,1
bravely,1
Lem,2
drawn,1
instigated,1
saved,1
earned,1
honorably,1
fellows,2
kingsmen,1
brotherhood,1
awaiting,1
judgment,3
Four,1
man2,1
studies,1
it3,1
accuse,1
assume,1
badly,1
excuse,1
parchment,1
halting,1
northman4,1
interprets,1
hiss,1
oathbreaker,1
outlaws5,1
Harwin,1
flame,3
faithful,1
Boltons,1
Jaime6,1
participated,1
choose,2
musters,1
Moelle,3
seized,1
accused,3
lewdness,1
fornication,2
acts,2
planned,2
feign,1
ignorance,1
benefit,1
confessed,1
shocking,1
exit,1
intact;,1
Aglantine,1
Melicent,1
maidens,1
examine,1
erupts,1
news;,1
speechless,1
shock,1
recommends,1
launching,1
deathly,1
nerve,1
counting,1
blank,1
arrest,1
warrants,1
guilty,2
seem,1
fairer,1
front,1
custody,1
resisted,1
succumbing,1
collapsed,1
breathing,1
witnessed,1
defended,2
gravely,1
accuser,1
competent,1
swordsmen,1
Theodan,1
Wells,1
praying,1
shift,2
visitors,2
Unella,4
champion,2
converses,1
pleases,1
judges,1
involve,1
tortured,1
willingly,1
Under,1
admitted,2
touch,1
previous,1
smothering,1
pillow,1
Scolera,1
strips,1
cowed,1
awakened,1
confession,1
inviting,1
resigned,1
marching,1
predicament,1
defeat1,1
urging,1
defiant,1
swimming,1
confusion,1
realized,1
retake,1
drags,1
shown,1
Jeyne's,1
puffy,1
scab,1
slap,1
Sybell's,1
low,1
ancestry,1
marriages,1
Raynald,3
ransom,1
harsh,1
closely,1
stares,1
icily,1
ripped,1
Rather,1
straight,2
greeting,1
dead;,1
Walder1,1
discovers,1
certainly,1
Whalen,1
handed,1
grabbed,1
started,1
peppering,1
gut,1
equipment,1
Raventree,2
dealing,1
skill,1
contend,1
sentries,2
Jate,1
monstrous,1
she-wolf,1
Trident2,1
Marq,1
ransomed,1
lingers,1
Jonos,1
post,2
Roland,1
clever,1
Desmond,1
assembles,1
chat,1
mock,1
Tom,1
Sevenstreams,1
blond-haired,1
tear,1
shivering,1
snowing;,1
s,1
ankle,1
Vyman,2
Straits,1
leg,1
route,1
perilous,1
Ryamsport,1
Vinetown,1
Starfish,1
shipping,1
spot,1
sighted,1
astern,1
pose,1
volley,1
Whispering,1
Sound,1
Costayne,1
Huntress,1
cargo,1
apologizes,1
Luckily,1
oarmaster,1
offshore,1
Stonecrab,1
Cay,1
Pigs,1
Mermaid's,1
Horseshoe,1
Bastard's,1
useless,1
Gunthor,2
recruits,1
sellsails,1
pretty,1
inland,1
require,1
harm's,1
brave,1
straits,1
linking,1
backed,1
anchored,1
Honor,1
personally,1
cabin,1
conference,1
converse,1
transportation,1
Seneschal's,2
Court,2
messages,1
dark-skinned,1
Lorcas,2
penny,1
oft,1
Sphinx,1
Theobald,1
Norren,2
switching,1
Theobold,2
stepped,1
wights,1
explaining,1
archmaester,1
Ravenry,1
flicker,1
casts,1
eerie,1
Valyrians,1
scry,1
distances,1
eavesdrop,1
missed,1
unsure,1
archmaesters,1
actively,1
bereft,1
magic,1
secures,1
Pate1,1
